timestamp,current_speed_ms
2018-04-01T00:02:30Z,2.471
2018-04-01T00:17:30Z,2.906
2018-04-01T00:32:30Z,3.645
2018-04-01T00:47:30Z,4.018
2018-04-01T01:02:30Z,4.303
2018-04-01T01:17:30Z,4.576
2018-04-01T01:32:30Z,4.558
2018-04-01T01:47:30Z,4.633
2018-04-01T02:02:30Z,4.598
2018-04-01T02:17:30Z,4.792
2018-04-01T02:32:30Z,4.612
2018-04-01T02:47:30Z,4.404
2018-04-01T03:02:30Z,3.967
2018-04-01T03:17:30Z,4.015
2018-04-01T03:32:30Z,3.896
2018-04-01T03:47:30Z,3.6
2018-04-01T04:02:30Z,3.135
2018-04-01T04:17:30Z,2.749
2018-04-01T04:32:30Z,2.267
2018-04-01T04:47:30Z,1.703
2018-04-01T05:02:30Z,0.992
2018-04-01T05:17:30Z,0.472
2018-04-01T05:32:30Z,0.404
2018-04-01T05:47:30Z,2.044
2018-04-01T06:02:30Z,3.168
2018-04-01T06:17:30Z,2.863
2018-04-01T06:32:30Z,3.133
2018-04-01T06:47:30Z,3.404
2018-04-01T07:02:30Z,3.354
2018-04-01T07:17:30Z,3.444
2018-04-01T07:32:30Z,3.582
2018-04-01T07:47:30Z,3.536
2018-04-01T08:02:30Z,3.459
2018-04-01T08:17:30Z,3.437
2018-04-01T08:32:30Z,3.272
2018-04-01T08:47:30Z,3.023
2018-04-01T09:02:30Z,2.988
2018-04-01T09:17:30Z,2.728
2018-04-01T09:32:30Z,2.539
2018-04-01T09:47:30Z,2.278
2018-04-01T10:02:30Z,2.007
2018-04-01T10:17:30Z,1.726
2018-04-01T10:32:30Z,1.461
2018-04-01T10:47:30Z,1.016
2018-04-01T11:02:30Z,0.574
2018-04-01T11:17:30Z,0.246
2018-04-01T11:32:30Z,0.745
2018-04-01T11:47:30Z,1.291
2018-04-01T12:02:30Z,1.66
2018-04-01T12:17:30Z,2.318
2018-04-01T12:32:30Z,2.509
2018-04-01T12:47:30Z,3.339
2018-04-01T13:02:30Z,3.657
2018-04-01T13:17:30Z,4.09
2018-04-01T13:32:30Z,4.521
2018-04-01T13:47:30Z,4.646
2018-04-01T14:02:30Z,4.759
2018-04-01T14:17:30Z,4.589
2018-04-01T14:32:30Z,4.88
2018-04-01T14:47:30Z,4.831
2018-04-01T15:02:30Z,4.541
2018-04-01T15:17:30Z,4.411
2018-04-01T15:32:30Z,4.541
2018-04-01T15:47:30Z,4.272
2018-04-01T16:02:30Z,3.584
2018-04-01T16:17:30Z,3.239
2018-04-01T16:32:30Z,2.973
2018-04-01T16:47:30Z,2.578
2018-04-01T17:02:30Z,2.129
2018-04-01T17:17:30Z,1.445
2018-04-01T17:32:30Z,0.874
2018-04-01T17:47:30Z,0.303
2018-04-01T18:02:30Z,1.001
2018-04-01T18:17:30Z,2.906
2018-04-01T18:32:30Z,2.937
2018-04-01T18:47:30Z,3.022
2018-04-01T19:02:30Z,3.431
2018-04-01T19:17:30Z,3.518
2018-04-01T19:32:30Z,3.483
2018-04-01T19:47:30Z,3.502
2018-04-01T20:02:30Z,3.618
2018-04-01T20:17:30Z,3.689
2018-04-01T20:32:30Z,3.519
2018-04-01T20:47:30Z,3.445
2018-04-01T21:02:30Z,3.071
2018-04-01T21:17:30Z,3.038
2018-04-01T21:32:30Z,2.852
2018-04-01T21:47:30Z,2.728
2018-04-01T22:02:30Z,2.46
2018-04-01T22:17:30Z,2.236
2018-04-01T22:32:30Z,1.959
2018-04-01T22:47:30Z,1.626
2018-04-01T23:02:30Z,1.341
2018-04-01T23:17:30Z,0.912
2018-04-01T23:32:30Z,0.51
2018-04-01T23:47:30Z,0.185
2018-04-02T00:02:30Z,0.964
2018-04-02T00:17:30Z,1.444
2018-04-02T00:32:30Z,1.82
2018-04-02T00:47:30Z,2.443
2018-04-02T01:02:30Z,2.858
2018-04-02T01:17:30Z,3.599
2018-04-02T01:32:30Z,3.978
2018-04-02T01:47:30Z,4.45
2018-04-02T02:02:30Z,4.539
2018-04-02T02:17:30Z,4.721
2018-04-02T02:32:30Z,4.72
2018-04-02T02:47:30Z,4.56
2018-04-02T03:02:30Z,4.718
2018-04-02T03:17:30Z,4.721
2018-04-02T03:32:30Z,4.658
2018-04-02T03:47:30Z,4.133
2018-04-02T04:02:30Z,4.157
2018-04-02T04:17:30Z,4.179
2018-04-02T04:32:30Z,3.485
2018-04-02T04:47:30Z,3.11
2018-04-02T05:02:30Z,2.68
2018-04-02T05:17:30Z,2.325
2018-04-02T05:32:30Z,1.786
2018-04-02T05:47:30Z,1.185
2018-04-02T06:02:30Z,0.633
2018-04-02T06:17:30Z,0.546
2018-04-02T06:32:30Z,2.057
2018-04-02T06:47:30Z,3.171
2018-04-02T07:02:30Z,2.681
2018-04-02T07:17:30Z,3.077
2018-04-02T07:32:30Z,3.125
2018-04-02T07:47:30Z,3.252
2018-04-02T08:02:30Z,3.415
2018-04-02T08:17:30Z,3.606
2018-04-02T08:32:30Z,3.484
2018-04-02T08:47:30Z,3.551
2018-04-02T09:02:30Z,3.493
2018-04-02T09:17:30Z,3.198
2018-04-02T09:32:30Z,3.129
2018-04-02T09:47:30Z,2.814
2018-04-02T10:02:30Z,2.71
2018-04-02T10:17:30Z,2.529
2018-04-02T10:32:30Z,2.319
2018-04-02T10:47:30Z,1.949
2018-04-02T11:02:30Z,1.706
2018-04-02T11:17:30Z,1.37
2018-04-02T11:32:30Z,0.982
2018-04-02T11:47:30Z,0.443
2018-04-02T12:02:30Z,0.326
2018-04-02T12:17:30Z,0.839
2018-04-02T12:32:30Z,1.403
2018-04-02T12:47:30Z,1.754
2018-04-02T13:02:30Z,2.291
2018-04-02T13:17:30Z,2.712
2018-04-02T13:32:30Z,3.293
2018-04-02T13:47:30Z,3.644
2018-04-02T14:02:30Z,4.186
2018-04-02T14:17:30Z,4.381
2018-04-02T14:32:30Z,4.336
2018-04-02T14:47:30Z,4.449
2018-04-02T15:02:30Z,4.603
2018-04-02T15:17:30Z,4.691
2018-04-02T15:32:30Z,4.776
2018-04-02T15:47:30Z,4.341
2018-04-02T16:02:30Z,4.013
2018-04-02T16:17:30Z,3.871
2018-04-02T16:32:30Z,3.964
2018-04-02T16:47:30Z,3.508
2018-04-02T17:02:30Z,3.188
2018-04-02T17:17:30Z,2.851
2018-04-02T17:32:30Z,2.354
2018-04-02T17:47:30Z,1.89
2018-04-02T18:02:30Z,1.351
2018-04-02T18:17:30Z,0.686
2018-04-02T18:32:30Z,0.409
2018-04-02T18:47:30Z,1.584
2018-04-02T19:02:30Z,2.727
2018-04-02T19:17:30Z,3.208
2018-04-02T19:32:30Z,2.635
2018-04-02T19:47:30Z,3.079
2018-04-02T20:02:30Z,3.265
2018-04-02T20:17:30Z,3.334
2018-04-02T20:32:30Z,3.433
2018-04-02T20:47:30Z,3.357
2018-04-02T21:02:30Z,3.466
2018-04-02T21:17:30Z,3.385
2018-04-02T21:32:30Z,3.139
2018-04-02T21:47:30Z,3.123
2018-04-02T22:02:30Z,2.934
2018-04-02T22:17:30Z,2.735
2018-04-02T22:32:30Z,2.543
2018-04-02T22:47:30Z,2.335
2018-04-02T23:02:30Z,2.098
2018-04-02T23:17:30Z,1.841
2018-04-02T23:32:30Z,1.471
2018-04-02T23:47:30Z,1.182
2018-04-03T00:02:30Z,0.765
2018-04-03T00:17:30Z,0.27
2018-04-03T00:32:30Z,0.501
2018-04-03T00:47:30Z,1.149
2018-04-03T01:02:30Z,1.688
2018-04-03T01:17:30Z,2.199
2018-04-03T01:32:30Z,2.519
2018-04-03T01:47:30Z,3.184
2018-04-03T02:02:30Z,3.625
2018-04-03T02:17:30Z,4.192
2018-04-03T02:32:30Z,4.35
2018-04-03T02:47:30Z,4.466
2018-04-03T03:02:30Z,4.327
2018-04-03T03:17:30Z,4.568
2018-04-03T03:32:30Z,4.699
2018-04-03T03:47:30Z,4.636
2018-04-03T04:02:30Z,4.51
2018-04-03T04:17:30Z,4.122
2018-04-03T04:32:30Z,4.095
2018-04-03T04:47:30Z,3.746
2018-04-03T05:02:30Z,3.677
2018-04-03T05:17:30Z,3.27
2018-04-03T05:32:30Z,2.769
2018-04-03T05:47:30Z,2.436
2018-04-03T06:02:30Z,1.976
2018-04-03T06:17:30Z,1.402
2018-04-03T06:32:30Z,0.954
2018-04-03T06:47:30Z,0.256
2018-04-03T07:02:30Z,1.174
2018-04-03T07:17:30Z,2.499
2018-04-03T07:32:30Z,3.026
2018-04-03T07:47:30Z,2.79
2018-04-03T08:02:30Z,3.206
2018-04-03T08:17:30Z,3.286
2018-04-03T08:32:30Z,3.266
2018-04-03T08:47:30Z,3.312
2018-04-03T09:02:30Z,3.456
2018-04-03T09:17:30Z,3.339
2018-04-03T09:32:30Z,3.349
2018-04-03T09:47:30Z,3.215
2018-04-03T10:02:30Z,3.078
2018-04-03T10:17:30Z,2.972
2018-04-03T10:32:30Z,2.742
2018-04-03T10:47:30Z,2.54
2018-04-03T11:02:30Z,2.432
2018-04-03T11:17:30Z,2.198
2018-04-03T11:32:30Z,1.934
2018-04-03T11:47:30Z,1.65
2018-04-03T12:02:30Z,1.308
2018-04-03T12:17:30Z,0.902
2018-04-03T12:32:30Z,0.455
2018-04-03T12:47:30Z,0.249
2018-04-03T13:02:30Z,0.898
2018-04-03T13:17:30Z,1.362
2018-04-03T13:32:30Z,1.792
2018-04-03T13:47:30Z,2.258
2018-04-03T14:02:30Z,2.679
2018-04-03T14:17:30Z,3.387
2018-04-03T14:32:30Z,3.991
2018-04-03T14:47:30Z,4.04
2018-04-03T15:02:30Z,4.261
2018-04-03T15:17:30Z,4.384
2018-04-03T15:32:30Z,4.508
2018-04-03T15:47:30Z,4.603
2018-04-03T16:02:30Z,4.564
2018-04-03T16:17:30Z,4.592
2018-04-03T16:32:30Z,4.224
2018-04-03T16:47:30Z,3.848
2018-04-03T17:02:30Z,3.793
2018-04-03T17:17:30Z,3.611
2018-04-03T17:32:30Z,3.424
2018-04-03T17:47:30Z,3.065
2018-04-03T18:02:30Z,2.665
2018-04-03T18:17:30Z,2.24
2018-04-03T18:32:30Z,1.726
2018-04-03T18:47:30Z,1.251
2018-04-03T19:02:30Z,0.826
2018-04-03T19:17:30Z,0.4
2018-04-03T19:32:30Z,1.794
2018-04-03T19:47:30Z,2.892
2018-04-03T20:02:30Z,3.073
2018-04-03T20:17:30Z,2.558
2018-04-03T20:32:30Z,2.99
2018-04-03T20:47:30Z,3.177
2018-04-03T21:02:30Z,3.322
2018-04-03T21:17:30Z,3.389
2018-04-03T21:32:30Z,3.284
2018-04-03T21:47:30Z,3.312
2018-04-03T22:02:30Z,3.098
2018-04-03T22:17:30Z,3.173
2018-04-03T22:32:30Z,2.99
2018-04-03T22:47:30Z,2.743
2018-04-03T23:02:30Z,2.53
2018-04-03T23:17:30Z,2.352
2018-04-03T23:32:30Z,2.145
2018-04-03T23:47:30Z,1.88
2018-04-04T00:02:30Z,1.611
2018-04-04T00:17:30Z,1.265
2018-04-04T00:32:30Z,0.954
2018-04-04T00:47:30Z,0.535
2018-04-04T01:02:30Z,0.334
2018-04-04T01:17:30Z,0.713
2018-04-04T01:32:30Z,1.253
2018-04-04T01:47:30Z,1.62
2018-04-04T02:02:30Z,2.18
2018-04-04T02:17:30Z,2.462
2018-04-04T02:32:30Z,3.088
2018-04-04T02:47:30Z,3.525
2018-04-04T03:02:30Z,3.969
2018-04-04T03:17:30Z,4.105
2018-04-04T03:32:30Z,4.241
2018-04-04T03:47:30Z,4.342
2018-04-04T04:02:30Z,4.312
2018-04-04T04:17:30Z,4.502
2018-04-04T04:32:30Z,4.321
2018-04-04T04:47:30Z,4.324
2018-04-04T05:02:30Z,4.058
2018-04-04T05:17:30Z,3.835
2018-04-04T05:32:30Z,3.816
2018-04-04T05:47:30Z,3.489
2018-04-04T06:02:30Z,3.252
2018-04-04T06:17:30Z,2.746
2018-04-04T06:32:30Z,2.292
2018-04-04T06:47:30Z,1.691
2018-04-04T07:02:30Z,1.338
2018-04-04T07:17:30Z,0.839
2018-04-04T07:32:30Z,0.339
2018-04-04T07:47:30Z,1.305
2018-04-04T08:02:30Z,2.606
2018-04-04T08:17:30Z,2.784
2018-04-04T08:32:30Z,2.615
2018-04-04T08:47:30Z,3.025
2018-04-04T09:02:30Z,3.207
2018-04-04T09:17:30Z,3.089
2018-04-04T09:32:30Z,3.148
2018-04-04T09:47:30Z,3.356
2018-04-04T10:02:30Z,3.36
2018-04-04T10:17:30Z,3.111
2018-04-04T10:32:30Z,3.119
2018-04-04T10:47:30Z,2.971
2018-04-04T11:02:30Z,2.775
2018-04-04T11:17:30Z,2.652
2018-04-04T11:32:30Z,2.381
2018-04-04T11:47:30Z,2.22
2018-04-04T12:02:30Z,2.042
2018-04-04T12:17:30Z,1.713
2018-04-04T12:32:30Z,1.48
2018-04-04T12:47:30Z,1.125
2018-04-04T13:02:30Z,0.715
2018-04-04T13:17:30Z,0.316
2018-04-04T13:32:30Z,0.424
2018-04-04T13:47:30Z,0.982
2018-04-04T14:02:30Z,1.444
2018-04-04T14:17:30Z,1.765
2018-04-04T14:32:30Z,2.392
2018-04-04T14:47:30Z,2.818
2018-04-04T15:02:30Z,3.263
2018-04-04T15:17:30Z,3.91
2018-04-04T15:32:30Z,4.221
2018-04-04T15:47:30Z,4.087
2018-04-04T16:02:30Z,4.172
2018-04-04T16:17:30Z,4.122
2018-04-04T16:32:30Z,4.36
2018-04-04T16:47:30Z,4.27
2018-04-04T17:02:30Z,4.003
2018-04-04T17:17:30Z,4.33
2018-04-04T17:32:30Z,3.711
2018-04-04T17:47:30Z,3.39
2018-04-04T18:02:30Z,3.333
2018-04-04T18:17:30Z,2.96
2018-04-04T18:32:30Z,2.316
2018-04-04T18:47:30Z,2.676
2018-04-04T19:02:30Z,2.246
2018-04-04T19:17:30Z,1.724
2018-04-04T19:32:30Z,1.277
2018-04-04T19:47:30Z,0.557
2018-04-04T20:02:30Z,0.587
2018-04-04T20:17:30Z,1.618
2018-04-04T20:32:30Z,2.486
2018-04-04T20:47:30Z,2.588
2018-04-04T21:02:30Z,2.565
2018-04-04T21:17:30Z,2.935
2018-04-04T21:32:30Z,3.009
2018-04-04T21:47:30Z,3.104
2018-04-04T22:02:30Z,3.097
2018-04-04T22:17:30Z,3.314
2018-04-04T22:32:30Z,3.141
2018-04-04T22:47:30Z,2.973
2018-04-04T23:02:30Z,2.863
2018-04-04T23:17:30Z,2.636
2018-04-04T23:32:30Z,2.511
2018-04-04T23:47:30Z,2.321
2018-04-05T00:02:30Z,2.068
2018-04-05T00:17:30Z,1.806
2018-04-05T00:32:30Z,1.618
2018-04-05T00:47:30Z,1.358
2018-04-05T01:02:30Z,1.043
2018-04-05T01:17:30Z,0.701
2018-04-05T01:32:30Z,0.34
2018-04-05T01:47:30Z,0.328
2018-04-05T02:02:30Z,0.94
2018-04-05T02:17:30Z,1.424
2018-04-05T02:32:30Z,1.773
2018-04-05T02:47:30Z,2.294
2018-04-05T03:02:30Z,2.531
2018-04-05T03:17:30Z,3.098
2018-04-05T03:32:30Z,3.439
2018-04-05T03:47:30Z,3.605
2018-04-05T04:02:30Z,3.821
2018-04-05T04:17:30Z,3.892
2018-04-05T04:32:30Z,3.92
2018-04-05T04:47:30Z,4.04
2018-04-05T05:02:30Z,4.082
2018-04-05T05:17:30Z,3.912
2018-04-05T05:32:30Z,3.825
2018-04-05T05:47:30Z,3.788
2018-04-05T06:02:30Z,3.431
2018-04-05T06:17:30Z,2.953
2018-04-05T06:32:30Z,2.869
2018-04-05T06:47:30Z,2.278
2018-04-05T07:02:30Z,2.269
2018-04-05T07:17:30Z,1.807
2018-04-05T07:32:30Z,1.61
2018-04-05T07:47:30Z,1.021
2018-04-05T08:02:30Z,0.47
2018-04-05T08:17:30Z,0.735
2018-04-05T08:32:30Z,1.891
2018-04-05T08:47:30Z,2.899
2018-04-05T09:02:30Z,2.402
2018-04-05T09:17:30Z,2.363
2018-04-05T09:32:30Z,2.906
2018-04-05T09:47:30Z,2.77
2018-04-05T10:02:30Z,2.812
2018-04-05T10:17:30Z,2.858
2018-04-05T10:32:30Z,3.05
2018-04-05T10:47:30Z,2.994
2018-04-05T11:02:30Z,2.938
2018-04-05T11:17:30Z,2.821
2018-04-05T11:32:30Z,2.755
2018-04-05T11:47:30Z,2.494
2018-04-05T12:02:30Z,2.37
2018-04-05T12:17:30Z,2.205
2018-04-05T12:32:30Z,2.003
2018-04-05T12:47:30Z,1.809
2018-04-05T13:02:30Z,1.566
2018-04-05T13:17:30Z,1.379
2018-04-05T13:32:30Z,1.105
2018-04-05T13:47:30Z,0.714
2018-04-05T14:02:30Z,0.313
2018-04-05T14:17:30Z,0.207
2018-04-05T14:32:30Z,0.853
2018-04-05T14:47:30Z,1.299
2018-04-05T15:02:30Z,1.732
2018-04-05T15:17:30Z,2.092
2018-04-05T15:32:30Z,2.477
2018-04-05T15:47:30Z,3.113
2018-04-05T16:02:30Z,3.374
2018-04-05T16:17:30Z,3.623
2018-04-05T16:32:30Z,3.759
2018-04-05T16:47:30Z,4.036
2018-04-05T17:02:30Z,3.902
2018-04-05T17:17:30Z,3.838
2018-04-05T17:32:30Z,4.081
2018-04-05T17:47:30Z,3.889
2018-04-05T18:02:30Z,3.667
2018-04-05T18:17:30Z,3.397
2018-04-05T18:32:30Z,3.196
2018-04-05T18:47:30Z,2.965
2018-04-05T19:02:30Z,2.611
2018-04-05T19:17:30Z,2.547
2018-04-05T19:32:30Z,2.12
2018-04-05T19:47:30Z,1.699
2018-04-05T20:02:30Z,1.36
2018-04-05T20:17:30Z,0.958
2018-04-05T20:32:30Z,0.291
2018-04-05T20:47:30Z,0.733
2018-04-05T21:02:30Z,1.998
2018-04-05T21:17:30Z,2.969
2018-04-05T21:32:30Z,2.371
2018-04-05T21:47:30Z,2.42
2018-04-05T22:02:30Z,2.682
2018-04-05T22:17:30Z,2.967
2018-04-05T22:32:30Z,2.789
2018-04-05T22:47:30Z,2.924
2018-04-05T23:02:30Z,3.022
2018-04-05T23:17:30Z,2.838
2018-04-05T23:32:30Z,2.705
2018-04-05T23:47:30Z,2.605
2018-04-06T00:02:30Z,2.512
2018-04-06T00:17:30Z,2.314
2018-04-06T00:32:30Z,2.162
2018-04-06T00:47:30Z,1.968
2018-04-06T01:02:30Z,1.697
2018-04-06T01:17:30Z,1.54
2018-04-06T01:32:30Z,1.262
2018-04-06T01:47:30Z,0.978
2018-04-06T02:02:30Z,0.59
2018-04-06T02:17:30Z,0.212
2018-04-06T02:32:30Z,0.423
2018-04-06T02:47:30Z,0.879
2018-04-06T03:02:30Z,1.192
2018-04-06T03:17:30Z,1.444
2018-04-06T03:32:30Z,2.106
2018-04-06T03:47:30Z,2.254
2018-04-06T04:02:30Z,2.678
2018-04-06T04:17:30Z,2.981
2018-04-06T04:32:30Z,3.527
2018-04-06T04:47:30Z,3.791
2018-04-06T05:02:30Z,3.614
2018-04-06T05:17:30Z,3.775
2018-04-06T05:32:30Z,3.735
2018-04-06T05:47:30Z,3.669
2018-04-06T06:02:30Z,3.83
2018-04-06T06:17:30Z,3.556
2018-04-06T06:32:30Z,3.689
2018-04-06T06:47:30Z,3.285
2018-04-06T07:02:30Z,2.929
2018-04-06T07:17:30Z,2.889
2018-04-06T07:32:30Z,2.521
2018-04-06T07:47:30Z,2.334
2018-04-06T08:02:30Z,1.75
2018-04-06T08:17:30Z,1.373
2018-04-06T08:32:30Z,0.73
2018-04-06T08:47:30Z,0.251
2018-04-06T09:02:30Z,0.525
2018-04-06T09:17:30Z,1.474
2018-04-06T09:32:30Z,2.285
2018-04-06T09:47:30Z,2.508
2018-04-06T10:02:30Z,2.437
2018-04-06T10:17:30Z,2.856
2018-04-06T10:32:30Z,2.771
2018-04-06T10:47:30Z,2.707
2018-04-06T11:02:30Z,2.863
2018-04-06T11:17:30Z,2.948
2018-04-06T11:32:30Z,2.846
2018-04-06T11:47:30Z,2.734
2018-04-06T12:02:30Z,2.58
2018-04-06T12:17:30Z,2.533
2018-04-06T12:32:30Z,2.324
2018-04-06T12:47:30Z,2.089
2018-04-06T13:02:30Z,1.901
2018-04-06T13:17:30Z,1.756
2018-04-06T13:32:30Z,1.478
2018-04-06T13:47:30Z,1.295
2018-04-06T14:02:30Z,1.057
2018-04-06T14:17:30Z,0.733
2018-04-06T14:32:30Z,0.379
2018-04-06T14:47:30Z,0.22
2018-04-06T15:02:30Z,0.745
2018-04-06T15:17:30Z,1.087
2018-04-06T15:32:30Z,1.291
2018-04-06T15:47:30Z,1.698
2018-04-06T16:02:30Z,2.014
2018-04-06T16:17:30Z,2.386
2018-04-06T16:32:30Z,2.822
2018-04-06T16:47:30Z,2.971
2018-04-06T17:02:30Z,3.293
2018-04-06T17:17:30Z,3.765
2018-04-06T17:32:30Z,3.434
2018-04-06T17:47:30Z,3.618
2018-04-06T18:02:30Z,3.567
2018-04-06T18:17:30Z,3.542
2018-04-06T18:32:30Z,3.504
2018-04-06T18:47:30Z,3.375
2018-04-06T19:02:30Z,3.227
2018-04-06T19:17:30Z,3.369
2018-04-06T19:32:30Z,2.711
2018-04-06T19:47:30Z,2.569
2018-04-06T20:02:30Z,2.319
2018-04-06T20:17:30Z,1.96
2018-04-06T20:32:30Z,1.468
2018-04-06T20:47:30Z,0.908
2018-04-06T21:02:30Z,0.398
2018-04-06T21:17:30Z,0.184
2018-04-06T21:32:30Z,0.485
2018-04-06T21:47:30Z,1.257
2018-04-06T22:02:30Z,2.42
2018-04-06T22:17:30Z,2.128
2018-04-06T22:32:30Z,2.357
2018-04-06T22:47:30Z,2.655
2018-04-06T23:02:30Z,2.572
2018-04-06T23:17:30Z,2.693
2018-04-06T23:32:30Z,2.753
2018-04-06T23:47:30Z,2.748
2018-04-07T00:02:30Z,2.615
2018-04-07T00:17:30Z,2.482
2018-04-07T00:32:30Z,2.421
2018-04-07T00:47:30Z,2.2
2018-04-07T01:02:30Z,2.103
2018-04-07T01:17:30Z,1.853
2018-04-07T01:32:30Z,1.627
2018-04-07T01:47:30Z,1.46
2018-04-07T02:02:30Z,1.383
2018-04-07T02:17:30Z,1.093
2018-04-07T02:32:30Z,0.792
2018-04-07T02:47:30Z,0.496
2018-04-07T03:02:30Z,0.125
2018-04-07T03:17:30Z,0.507
2018-04-07T03:32:30Z,0.974
2018-04-07T03:47:30Z,1.287
2018-04-07T04:02:30Z,1.596
2018-04-07T04:17:30Z,1.963
2018-04-07T04:32:30Z,2.207
2018-04-07T04:47:30Z,2.682
2018-04-07T05:02:30Z,2.963
2018-04-07T05:17:30Z,3.269
2018-04-07T05:32:30Z,3.307
2018-04-07T05:47:30Z,3.304
2018-04-07T06:02:30Z,3.438
2018-04-07T06:17:30Z,3.403
2018-04-07T06:32:30Z,3.094
2018-04-07T06:47:30Z,3.228
2018-04-07T07:02:30Z,3.193
2018-04-07T07:17:30Z,3.075
2018-04-07T07:32:30Z,2.806
2018-04-07T07:47:30Z,2.749
2018-04-07T08:02:30Z,2.528
2018-04-07T08:17:30Z,2.126
2018-04-07T08:32:30Z,1.903
2018-04-07T08:47:30Z,1.53
2018-04-07T09:02:30Z,1.1
2018-04-07T09:17:30Z,0.671
2018-04-07T09:32:30Z,0.282
2018-04-07T09:47:30Z,0.509
2018-04-07T10:02:30Z,1.416
2018-04-07T10:17:30Z,2.225
2018-04-07T10:32:30Z,2.323
2018-04-07T10:47:30Z,2.188
2018-04-07T11:02:30Z,2.428
2018-04-07T11:17:30Z,2.533
2018-04-07T11:32:30Z,2.623
2018-04-07T11:47:30Z,2.729
2018-04-07T12:02:30Z,2.689
2018-04-07T12:17:30Z,2.606
2018-04-07T12:32:30Z,2.514
2018-04-07T12:47:30Z,2.439
2018-04-07T13:02:30Z,2.355
2018-04-07T13:17:30Z,2.07
2018-04-07T13:32:30Z,1.943
2018-04-07T13:47:30Z,1.908
2018-04-07T14:02:30Z,1.681
2018-04-07T14:17:30Z,1.408
2018-04-07T14:32:30Z,1.164
2018-04-07T14:47:30Z,0.826
2018-04-07T15:02:30Z,0.479
2018-04-07T15:17:30Z,0.162
2018-04-07T15:32:30Z,0.301
2018-04-07T15:47:30Z,0.672
2018-04-07T16:02:30Z,1.147
2018-04-07T16:17:30Z,1.416
2018-04-07T16:32:30Z,1.719
2018-04-07T16:47:30Z,1.982
2018-04-07T17:02:30Z,2.286
2018-04-07T17:17:30Z,2.659
2018-04-07T17:32:30Z,2.752
2018-04-07T17:47:30Z,3.127
2018-04-07T18:02:30Z,3.34
2018-04-07T18:17:30Z,3.387
2018-04-07T18:32:30Z,3.172
2018-04-07T18:47:30Z,3.307
2018-04-07T19:02:30Z,3.322
2018-04-07T19:17:30Z,3.233
2018-04-07T19:32:30Z,2.962
2018-04-07T19:47:30Z,2.819
2018-04-07T20:02:30Z,2.907
2018-04-07T20:17:30Z,2.657
2018-04-07T20:32:30Z,2.24
2018-04-07T20:47:30Z,1.857
2018-04-07T21:02:30Z,1.703
2018-04-07T21:17:30Z,1.342
2018-04-07T21:32:30Z,0.991
2018-04-07T21:47:30Z,0.455
2018-04-07T22:02:30Z,0.19
2018-04-07T22:17:30Z,0.664
2018-04-07T22:32:30Z,1.732
2018-04-07T22:47:30Z,2.455
2018-04-07T23:02:30Z,2.201
2018-04-07T23:17:30Z,2.251
2018-04-07T23:32:30Z,2.329
2018-04-07T23:47:30Z,2.413
